source,bin,n,weight_share_of_source,mean_pred_neg,obs_neg_freq,gap
Guardian,"[0.00,0.25)",48,0.211,0.1543,0.0,0.1543
Guardian,"[0.25,0.50)",38,0.285,0.3605,0.2938,0.0667
Guardian,"[0.50,0.75)",11,0.163,0.6095,0.5455,0.0641
Guardian,"[0.75,1.00)",23,0.341,0.8442,0.913,-0.0689
Reddit,"[0.00,0.25)",56,0.225,0.1507,0.1862,-0.0355
Reddit,"[0.25,0.50)",26,0.173,0.3316,0.2497,0.0819
Reddit,"[0.50,0.75)",11,0.174,0.6209,0.9091,-0.2882
Reddit,"[0.75,1.00)",27,0.428,0.8779,0.8148,0.0631
Telegram,"[0.00,0.25)",61,0.251,0.1399,0.162,-0.0221
Telegram,"[0.25,0.50)",23,0.215,0.3664,0.4241,-0.0576
Telegram,"[0.50,0.75)",15,0.222,0.5922,0.6,-0.0078
Telegram,"[0.75,1.00)",21,0.311,0.8618,0.8571,0.0047
