chunk_size,k,pair,cosine,cos_ci_lo,cos_ci_hi,js
10,5,Guardian-Reddit,0.9096,0.8969,0.9216,0.8044
10,5,Guardian-Telegram,0.8213,0.7979,0.8442,0.7301
10,5,Reddit-Telegram,0.9753,0.9632,0.9845,0.9003
10,7,Guardian-Reddit,0.8468,0.8331,0.8595,0.7603
10,7,Guardian-Telegram,0.8042,0.7776,0.8295,0.7195
10,7,Reddit-Telegram,0.8874,0.8694,0.903,0.7827
10,10,Guardian-Reddit,0.8472,0.8321,0.8602,0.7624
10,10,Guardian-Telegram,0.8272,0.8021,0.8484,0.7313
10,10,Reddit-Telegram,0.8779,0.8561,0.8945,0.7845
10,15,Guardian-Reddit,0.842,0.8263,0.8556,0.769
10,15,Guardian-Telegram,0.7935,0.7651,0.8187,0.736
10,15,Reddit-Telegram,0.83,0.8025,0.8536,0.7699
10,21,Guardian-Reddit,0.8178,0.8013,0.8311,0.748
10,21,Guardian-Telegram,0.693,0.6614,0.7238,0.7046
10,21,Reddit-Telegram,0.8523,0.8245,0.8743,0.7653
20,5,Guardian-Reddit,0.7042,0.6819,0.7252,0.633
20,5,Guardian-Telegram,0.6996,0.6637,0.7347,0.6519
20,5,Reddit-Telegram,0.9264,0.8973,0.9502,0.8185
20,7,Guardian-Reddit,0.6611,0.634,0.6861,0.6283
20,7,Guardian-Telegram,0.7249,0.6897,0.7579,0.6628
20,7,Reddit-Telegram,0.9401,0.9144,0.957,0.8082
20,10,Guardian-Reddit,0.6929,0.6659,0.7162,0.641
20,10,Guardian-Telegram,0.6955,0.6619,0.7279,0.6542
20,10,Reddit-Telegram,0.8013,0.7555,0.8441,0.7453
20,15,Guardian-Reddit,0.7006,0.6711,0.727,0.6671
20,15,Guardian-Telegram,0.7281,0.6941,0.7585,0.6771
20,15,Reddit-Telegram,0.8672,0.8281,0.8995,0.7567
20,21,Guardian-Reddit,0.6424,0.6126,0.668,0.6397
20,21,Guardian-Telegram,0.7272,0.6838,0.7662,0.679
20,21,Reddit-Telegram,0.6915,0.6406,0.7355,0.6886
