fonte,id_originale,original_text,testo_pulito_base,sentiment_label,sentiment_score
Reddit_Commento,r_237bb78b0681_s1,What an unbelievable waste of humanity all thanks to one cruel and delusional old man.,what an unbelievable waste of humanity all thanks to one cruel and delusional old man,Negative,0.965321719646454
Reddit_Commento,r_186d0da745bb_s1,It's just a pity they strait up can't be shut down or banned as they're obvious subversives in many ways.,its just a pity they strait up cant be shut down or banned as theyre obvious subversives in many ways,Negative,0.9651783108711244
Reddit_Commento,r_43d280e52fbb,"This shit is actually insane, and the fact its not reported in media is even more of an atrocity.",this shit is actually insane and the fact its not reported in media is even more of an atrocity,Negative,0.9650537371635436
Reddit_Commento,r_c327fa4e6065,"Still cannot understand what are they all doing alone, with so much equipment, they seem lost, thank god they are stupid AF, slava ukraini.",still cannot understand what are they all doing alone with so much equipment they seem lost thank god they are stupid af slava ukraini,Negative,0.9640328288078308
Reddit_Commento,r_9f41503e3f2a,What a shame that such nice Ukrainian buildings had to be destroyed because some FSB officer decided to squat in them.,what a shame that such nice ukrainian buildings had to be destroyed because some fsb officer decided to squat in them,Negative,0.9629071354866028
Reddit_Commento,r_dc45c43b3729_s5,So pathetic and sad that they prefer killing Ukrainians rather than providing a well-being to their people.,so pathetic and sad that they prefer killing ukrainians rather than providing a wellbeing to their people,Negative,0.9622030258178712
Reddit_Commento,r_e968d10dbcc7,I am disappointed in my country- we are wealthy enough to take a little more pain in solidarity and defence of Ukraine who have to put up with unimaginably worse.,i am disappointed in my country we are wealthy enough to take a little more pain in solidarity and defence of ukraine who have to put up with unimaginably worse,Negative,0.9620509147644044
Reddit_Commento,r_6db9d2d627b1,of all the places in the world they had to end up in ruzzia with one of the worst people there is...,poor donkeys man of all the places in the world they had to end up in ruzzia with one of the worst people there is,Negative,0.9618926644325256
Telegram,31240_s11,▪️Some formulations were carried over from previous statements signed during earlier visits.,some formulations were carried over from previous statements signed during earlier visits,Neutral,0.8930692076683044
Telegram,164448_s7,Traditional conventional level (stages 10-20) - Local war: This is where the main combat actions are currently taking place.,traditional conventional level stages local war this is where the main combat actions are currently taking place,Neutral,0.8513411283493042
Telegram,15429_s2,Zelenskyy added that further actions will be determined following reports from the military and intelligence services.,zelenskyy added that further actions will be determined following reports from the military and intelligence services,Neutral,0.8535149097442627
Telegram,164041_s3,"▪️The plans include determining the location of the laboratories, what pathogens they contain, and what research is being conducted there.",the plans include determining the location of the laboratories what pathogens they contain and what research is being conducted there,Neutral,0.8448776006698608
Telegram,31183_s2,▪️The maneuvers will involve approximately **a thousand military personnel** and **50 units of equipment**.,exercise details the maneuvers will involve approximately a thousand military personnel and units of equipment,Neutral,0.8420609831809998
Telegram,164701_s4,"The letter dated May 18 is addressed to the head of the European Commission, the President of the European Council, and Cyprus.",the letter dated may is addressed to the head of the european commission the president of the european council and cyprus,Neutral,0.8406813740730286
Telegram,82536_s2,The application was reportedly filed on 2 April and is now under review by ICC judges.,the application was reportedly filed on april and is now under review by icc judges,Neutral,0.8349504470825195
Telegram,15391_s0,"Zelenskyy and Fico met at the Yerevan summit, where they held a bilateral meeting.",zelenskyy and fico met at the yerevan summit where they held a bilateral meeting,Neutral,0.8177214860916138
BBC_News,https://www.bbc.com/news/articles/clypg7lr9kko_s9,"The opening evening takes place on 28 May at 19:00 BST, when Parry's parents of will be presented with the portrait.",the opening evening takes place on may at bst when parrys parents of will be presented with the portrait,Neutral,0.796302855014801
BBC_News,https://www.bbc.com/news/articles/c1k2lmmjvzxo_s55,It is now flying decoy drones to identify the locations of Ukraine's air defences.,it is now flying decoy drones to identify the locations of ukraines air defences,Neutral,0.7328771352767944
BBC_News,https://www.bbc.com/news/articles/c1k2lmmjvzxo_s43,Each has been vetted and trained for a few weeks before being allowed to operate one of the remotely controlled guns.,each has been vetted and trained for a few weeks before being allowed to operate one of the remotely controlled guns,Neutral,0.7066770195960999
BBC_News,https://www.bbc.com/news/articles/c5y74lwx395o_s26,"A hypersonic missile, which reportedly travels over 10 times the speed of sound, was used, Russia has confirmed.",a hypersonic missile which reportedly travels over times the speed of sound was used russia has confirmed,Neutral,0.7274524569511414
BBC_News,https://www.bbc.com/news/articles/c1k2lmmjvzxo_s34,"So accordingly, we use all the resources we have,"" explains Myronenko, who oversees the initiative.",so accordingly we use all the resources we have explains myronenko who oversees the initiative,Neutral,0.7338263392448425
BBC_News,https://www.bbc.com/news/articles/clypg7lr9kko_s14,Zahra Ahmadi talks about filming the fourth series of Beyond Paradise in Devon and Cornwall.,zahra ahmadi talks about filming the fourth series of beyond paradise in devon and cornwall,Neutral,0.7268181443214417
BBC_News,https://www.bbc.com/news/articles/clyp6831yp5o_s22,"Ukraine's air force said that from 18:00 local time (15:00 GMT) on Saturday, it detected 90 missiles and 600 drones.",ukraines air force said that from local time gmt on saturday it detected missiles and drones,Neutral,0.6780295372009277
BBC_News,https://www.bbc.com/news/articles/cvgz05jyrrpo_s24,Late on Saturday officials announced that emergency teams had completed the search and rescue operation.,late on saturday officials announced that emergency teams had completed the search and rescue operation,Neutral,0.6934589743614197
Guardian,https://www.theguardian.com/world/2025/dec/26/russia-selling-personal-data-leaks-probiv-ukraine-spies_s5,"At the higher end, entire dossiers could be purchased on individuals, including metadata on calls and movements.",at the higher end entire dossiers could be purchased on individuals including metadata on calls and movements,Neutral,0.8976593613624573
Guardian,https://www.theguardian.com/world/live/2026/jan/06/coalition-willing-paris-ukraine-zelenskyy-greenland-denmark-venezuela-trump-latest-news-updates_s142,The statement is being put forward at the summit today at the Elysee Palace and still needs sign-off.,the statement is being put forward at the summit today at the elysee palace and still needs signoff,Neutral,0.8931298851966858
Guardian,https://www.theguardian.com/technology/2025/oct/27/people-thought-i-was-a-communist-doing-this-as-a-non-profit-is-wikipedias-jimmy-wales-the-last-decent-tech-baron_s4,An experimental treatment was available at the hospital near where they lived in San Diego.,an experimental treatment was available at the hospital near where they lived in san diego,Neutral,0.8873556852340698
Guardian,https://www.theguardian.com/world/2026/may/11/alberta-voter-data-breach-separatists-referendum_s4,"The database contains the names, home addresses and contact information for roughly 2.9 million voters.",the database contains the names home addresses and contact information for roughly million voters,Neutral,0.883550226688385
Guardian,https://www.theguardian.com/commentisfree/2026/mar/16/iran-war-fuel-prices-economic-calamity-uk-politics_s33,Book tickets here or at guardian.live Do you have an opinion on the issues raised in this article?,book tickets here or at guardianlive do you have an opinion on the issues raised in this article,Neutral,0.8848058581352234
Guardian,https://www.theguardian.com/politics/2026/feb/06/mandelson-lobbying-firm-russia-china-state-global-counsel_s15,"The meetings took place at Epstein’s New York townhouse, according to a schedule contained in the files.",the meetings took place at epsteins new york townhouse according to a schedule contained in the files,Neutral,0.8764349818229675
Guardian,https://www.theguardian.com/world/2026/mar/11/ukraine-war-briefing-zelenskyy-accuses-hungary-of-banditry-over-82m-of-seized-gold_s3,"The shipment included $40m and €35m in cash, as well as 9kg of gold worth about $1.5m, based on current rates.",the shipment included m and m in cash as well as kg of gold worth about m based on current rates,Neutral,0.8763155937194824
Guardian,https://www.theguardian.com/australia-news/2026/jan/15/morning-mail-thursday-ntwnfb_s33,What’s happening today Economy | Commonwealth Bank household spending insights for December will be released.,whats happening today economy commonwealth bank household spending insights for december will be released,Neutral,0.8818775415420532
