condition,n_tokens,relevance_filter,k,pair,cosine,cos_ci_lo,cos_ci_hi,js
A_len15_symfilter,15,True,5,Guardian-Reddit,0.7977,0.7574,0.8306,0.7121
A_len15_symfilter,15,True,5,Guardian-Telegram,0.6521,0.5941,0.7029,0.6071
A_len15_symfilter,15,True,5,Reddit-Telegram,0.8095,0.7608,0.8517,0.7052
A_len15_symfilter,15,True,7,Guardian-Reddit,0.8651,0.8297,0.8919,0.7665
A_len15_symfilter,15,True,7,Guardian-Telegram,0.6802,0.6232,0.7358,0.6485
A_len15_symfilter,15,True,7,Reddit-Telegram,0.7835,0.7306,0.8278,0.709
A_len15_symfilter,15,True,10,Guardian-Reddit,0.7633,0.7197,0.8006,0.7133
A_len15_symfilter,15,True,10,Guardian-Telegram,0.8567,0.8087,0.8911,0.754
A_len15_symfilter,15,True,10,Reddit-Telegram,0.818,0.7603,0.8582,0.7339
A_len15_symfilter,15,True,15,Guardian-Reddit,0.8216,0.7781,0.8517,0.7456
A_len15_symfilter,15,True,15,Guardian-Telegram,0.811,0.7529,0.8472,0.7324
A_len15_symfilter,15,True,15,Reddit-Telegram,0.857,0.8013,0.889,0.7617
A_len15_symfilter,15,True,21,Guardian-Reddit,0.8775,0.8347,0.8967,0.7853
A_len15_symfilter,15,True,21,Guardian-Telegram,0.7686,0.7061,0.8112,0.727
A_len15_symfilter,15,True,21,Reddit-Telegram,0.805,0.741,0.8438,0.7399
B_len15_nofilter,15,False,5,Guardian-Reddit,0.7571,0.7237,0.7882,0.6783
B_len15_nofilter,15,False,5,Guardian-Telegram,0.9442,0.9177,0.965,0.8531
B_len15_nofilter,15,False,5,Reddit-Telegram,0.7166,0.6721,0.7607,0.6572
B_len15_nofilter,15,False,7,Guardian-Reddit,0.7923,0.7561,0.8239,0.6937
B_len15_nofilter,15,False,7,Guardian-Telegram,0.819,0.7789,0.8531,0.737
B_len15_nofilter,15,False,7,Reddit-Telegram,0.7881,0.7452,0.8214,0.6898
B_len15_nofilter,15,False,10,Guardian-Reddit,0.864,0.8308,0.8892,0.7683
B_len15_nofilter,15,False,10,Guardian-Telegram,0.8324,0.7918,0.8685,0.7426
B_len15_nofilter,15,False,10,Reddit-Telegram,0.7797,0.7352,0.8118,0.7007
B_len15_nofilter,15,False,15,Guardian-Reddit,0.8647,0.8266,0.8861,0.7646
B_len15_nofilter,15,False,15,Guardian-Telegram,0.7633,0.7114,0.8009,0.7074
B_len15_nofilter,15,False,15,Reddit-Telegram,0.8203,0.7747,0.8504,0.7322
B_len15_nofilter,15,False,21,Guardian-Reddit,0.8454,0.8063,0.8679,0.7553
B_len15_nofilter,15,False,21,Guardian-Telegram,0.6346,0.5778,0.6827,0.669
B_len15_nofilter,15,False,21,Reddit-Telegram,0.8113,0.7622,0.8431,0.7377
C_len25_symfilter,25,True,5,Guardian-Reddit,0.84,0.7944,0.8805,0.7579
C_len25_symfilter,25,True,5,Guardian-Telegram,0.7393,0.6761,0.7927,0.6808
C_len25_symfilter,25,True,5,Reddit-Telegram,0.7509,0.6772,0.8133,0.6748
C_len25_symfilter,25,True,7,Guardian-Reddit,0.8777,0.8316,0.9129,0.7944
C_len25_symfilter,25,True,7,Guardian-Telegram,0.6499,0.5853,0.7078,0.6296
C_len25_symfilter,25,True,7,Reddit-Telegram,0.8487,0.7888,0.8961,0.7201
C_len25_symfilter,25,True,10,Guardian-Reddit,0.7931,0.7396,0.8306,0.7074
C_len25_symfilter,25,True,10,Guardian-Telegram,0.6274,0.5673,0.6883,0.6329
C_len25_symfilter,25,True,10,Reddit-Telegram,0.7336,0.6526,0.7919,0.6565
C_len25_symfilter,25,True,15,Guardian-Reddit,0.7721,0.7082,0.8122,0.6996
C_len25_symfilter,25,True,15,Guardian-Telegram,0.6244,0.5524,0.6877,0.6373
C_len25_symfilter,25,True,15,Reddit-Telegram,0.764,0.6798,0.8224,0.6858
C_len25_symfilter,25,True,21,Guardian-Reddit,0.7926,0.7256,0.8301,0.7176
C_len25_symfilter,25,True,21,Guardian-Telegram,0.7285,0.6508,0.783,0.6962
C_len25_symfilter,25,True,21,Reddit-Telegram,0.8032,0.7165,0.8482,0.7318
