k,pair,cosine,cos_ci_lo,cos_ci_hi,js,js_ci_lo,js_ci_hi
5,Guardian-Reddit,0.5177,0.4784,0.5513,0.5257,0.5016,0.5468
5,Guardian-Telegram,0.7635,0.7244,0.7949,0.6285,0.5976,0.6541
5,Reddit-Telegram,0.7562,0.7075,0.795,0.6774,0.647,0.7014
7,Guardian-Reddit,0.3957,0.367,0.4275,0.4534,0.433,0.4728
7,Guardian-Telegram,0.427,0.3893,0.4666,0.4715,0.4438,0.4965
7,Reddit-Telegram,0.9667,0.9555,0.9743,0.7762,0.7474,0.8006
10,Guardian-Reddit,0.3365,0.31,0.3635,0.4391,0.4195,0.4573
10,Guardian-Telegram,0.3983,0.3591,0.4392,0.4582,0.4307,0.4834
10,Reddit-Telegram,0.9628,0.9505,0.9717,0.7641,0.7346,0.7886
15,Guardian-Reddit,0.269,0.2456,0.2934,0.4055,0.3853,0.4209
15,Guardian-Telegram,0.3861,0.3467,0.4275,0.4454,0.4182,0.466
15,Reddit-Telegram,0.9458,0.9272,0.958,0.7244,0.6906,0.7474
21,Guardian-Reddit,0.2503,0.2274,0.2739,0.3641,0.3456,0.379
21,Guardian-Telegram,0.421,0.3768,0.4661,0.4144,0.3869,0.433
21,Reddit-Telegram,0.7533,0.6978,0.7981,0.6336,0.6001,0.653
