topic,top_terms,platform,n_items,neg_prob_mean,neg_prob_lo,neg_prob_hi,valence_mean,valence_lo,valence_hi,charge_mean,charge_lo,charge_hi
0,"drone, russian, russia, ukrainian, not",Reddit,1397,62.3,61.1,63.58,-50.23,-52.01,-48.41,74.37,73.63,75.2
0,"drone, russian, russia, ukrainian, not",Telegram,231,57.54,54.58,60.36,-46.89,-50.56,-42.87,68.19,66.28,70.21
1,"say, russian, russia, ukrainian, zelenskyy",Guardian,389,56.58,55.69,57.4,-44.47,-45.75,-43.29,68.7,68.13,69.2
1,"say, russian, russia, ukrainian, zelenskyy",Reddit,83,57.32,52.34,62.03,-45.08,-52.71,-37.65,69.57,66.45,72.72
1,"say, russian, russia, ukrainian, zelenskyy",Telegram,112,50.49,45.94,54.92,-38.14,-43.83,-32.29,62.84,59.96,65.87
2,"say, european, russia, minister, war",Guardian,110,49.79,48.44,51.25,-33.87,-35.96,-31.69,65.71,64.89,66.56
2,"say, european, russia, minister, war",Reddit,77,47.98,43.27,53.02,-29.56,-36.88,-21.52,66.4,63.07,69.72
2,"say, european, russia, minister, war",Telegram,64,40.61,35.94,45.37,-22.48,-29.21,-15.71,58.74,55.46,61.76
3,"china, say, russia, chinese, beijing",Guardian,44,48.72,45.98,51.49,-33.05,-37.56,-28.48,64.38,62.6,66.19
3,"china, say, russia, chinese, beijing",Reddit,84,54.21,48.79,59.68,-36.97,-45.57,-27.38,71.45,68.16,74.83
3,"china, say, russia, chinese, beijing",Telegram,56,34.79,29.36,39.82,-10.22,-19.31,-2.39,59.35,55.56,62.89
4,"trump, say, new, donald, president",Guardian,131,54.31,53.1,55.51,-40.72,-42.7,-38.97,67.9,67.03,68.82
5,"nuclear, russia, weapon, putin, country",Reddit,118,63.73,59.32,68.12,-49.61,-56.06,-41.99,77.84,75.18,80.34
6,"say, not, people, year, like",Guardian,182,45.92,44.39,47.55,-27.09,-29.53,-24.43,64.76,63.94,65.64
6,"say, not, people, year, like",Reddit,326,58.42,55.71,61.14,-41.77,-46.05,-37.02,75.08,73.54,76.48
6,"say, not, people, year, like",Telegram,38,52.72,46.64,59.26,-37.39,-46.66,-27.7,68.06,63.73,72.44
7,"drone, village, russian, attack, damage",Reddit,98,56.44,50.78,61.6,-38.53,-47.66,-29.19,74.35,71.21,77.24
7,"drone, village, russian, attack, damage",Telegram,50,67.4,62.33,72.35,-61.16,-67.71,-53.87,73.64,69.58,77.67
8,"israel, israeli, journalist, gaza, kill",Reddit,60,67.04,60.64,73.35,-56.43,-65.18,-46.36,77.66,73.77,81.42
9,"olympic, athlete, international, say, game",Guardian,42,46.52,43.02,49.87,-25.49,-30.82,-19.77,67.55,65.67,69.27
9,"olympic, athlete, international, say, game",Reddit,30,56.47,46.92,65.79,-37.17,-52.81,-20.87,75.76,71.21,80.06
10,"say, minister, poland, report, russian",Guardian,69,58.6,56.69,60.42,-47.56,-50.19,-44.66,69.63,68.33,70.96
10,"say, minister, poland, report, russian",Reddit,40,61.03,52.76,68.87,-50.96,-62.86,-38.48,71.1,65.28,76.79
10,"say, minister, poland, report, russian",Telegram,45,53.13,46.79,59.62,-42.79,-50.74,-34.21,63.47,58.4,68.23
11,"russia, russian, putin, app, telegram",Reddit,67,62.09,56.4,68.3,-45.08,-55.18,-34.29,79.11,76.47,81.64
12,"say, year, russian, government, country",Guardian,101,54.84,53.0,56.65,-43.39,-45.68,-40.82,66.3,64.83,67.64
12,"say, year, russian, government, country",Reddit,108,57.49,53.13,61.87,-46.41,-52.36,-40.47,68.57,65.26,71.9
14,"oil, energy, price, say, gas",Guardian,121,51.33,49.75,52.95,-37.21,-39.57,-34.88,65.46,64.4,66.46
14,"oil, energy, price, say, gas",Reddit,83,51.21,45.79,56.52,-36.47,-43.54,-28.6,65.96,62.8,69.42
14,"oil, energy, price, say, gas",Telegram,35,53.23,46.49,60.39,-41.7,-51.52,-32.7,64.76,59.48,69.71
15,"say, year, government, labour, rise",Guardian,86,49.26,47.18,51.34,-33.11,-36.02,-29.99,65.41,64.23,66.61
15,"say, year, government, labour, rise",Reddit,62,57.34,51.37,63.43,-42.37,-51.42,-31.83,72.31,68.6,76.05
16,"film, not, good, russian, war",Reddit,104,53.63,48.4,58.38,-32.18,-40.97,-23.1,75.07,72.59,77.75
17,"trump, say, europe, war, european",Guardian,313,58.85,57.84,59.9,-45.3,-46.77,-43.79,72.41,71.83,73.02
17,"trump, say, europe, war, european",Reddit,146,61.79,58.24,65.44,-46.78,-52.61,-40.47,76.81,74.71,78.75
17,"trump, say, europe, war, european",Telegram,77,53.75,49.8,57.82,-37.82,-44.14,-31.06,69.69,67.55,71.84
18,"orbán, hungary, say, election, party",Guardian,80,54.92,53.34,56.51,-39.39,-41.86,-37.02,70.45,69.35,71.46
18,"orbán, hungary, say, election, party",Reddit,69,58.99,53.66,64.47,-42.46,-51.64,-32.74,75.52,72.59,78.26
19,"missile, strike, drone, russian, attack",Reddit,269,58.64,55.72,61.4,-48.02,-51.67,-43.86,69.26,67.13,71.35
19,"missile, strike, drone, russian, attack",Telegram,277,54.65,52.16,56.9,-44.96,-48.08,-41.72,64.34,62.58,66.17
20,"oil, russian, sanction, russia, india",Reddit,129,61.62,57.41,65.59,-49.33,-55.08,-43.2,73.91,71.41,76.58
20,"oil, russian, sanction, russia, india",Telegram,30,53.43,46.96,59.43,-37.76,-47.28,-28.52,69.09,65.48,72.68
