panel,regime,k,pair,cosine,cos_ci_lo,cos_ci_hi,source_file,source_sha256_12
a,(a) Asymmetric filtering,5,Guardian-Reddit,0.724,0.6894,0.7549,item_ksweep_similarity.csv,94249913b6c8
a,(a) Asymmetric filtering,7,Guardian-Reddit,0.6452,0.6115,0.6771,item_ksweep_similarity.csv,94249913b6c8
a,(a) Asymmetric filtering,10,Guardian-Reddit,0.6699,0.6396,0.6991,item_ksweep_similarity.csv,94249913b6c8
a,(a) Asymmetric filtering,15,Guardian-Reddit,0.3679,0.3457,0.3884,item_ksweep_similarity.csv,94249913b6c8
a,(a) Asymmetric filtering,21,Guardian-Reddit,0.2558,0.236,0.2741,item_ksweep_similarity.csv,94249913b6c8
a,(a) Asymmetric filtering,5,Guardian-Telegram,0.7582,0.7175,0.7949,item_ksweep_similarity.csv,94249913b6c8
a,(a) Asymmetric filtering,7,Guardian-Telegram,0.7437,0.7072,0.7768,item_ksweep_similarity.csv,94249913b6c8
a,(a) Asymmetric filtering,10,Guardian-Telegram,0.7224,0.6831,0.7553,item_ksweep_similarity.csv,94249913b6c8
a,(a) Asymmetric filtering,15,Guardian-Telegram,0.7555,0.7151,0.7898,item_ksweep_similarity.csv,94249913b6c8
a,(a) Asymmetric filtering,21,Guardian-Telegram,0.4126,0.377,0.451,item_ksweep_similarity.csv,94249913b6c8
a,(a) Asymmetric filtering,5,Reddit-Telegram,0.5752,0.5479,0.6023,item_ksweep_similarity.csv,94249913b6c8
a,(a) Asymmetric filtering,7,Reddit-Telegram,0.624,0.5955,0.6517,item_ksweep_similarity.csv,94249913b6c8
a,(a) Asymmetric filtering,10,Reddit-Telegram,0.6474,0.6157,0.6772,item_ksweep_similarity.csv,94249913b6c8
a,(a) Asymmetric filtering,15,Reddit-Telegram,0.4802,0.4477,0.5109,item_ksweep_similarity.csv,94249913b6c8
a,(a) Asymmetric filtering,21,Reddit-Telegram,0.6538,0.6266,0.6804,item_ksweep_similarity.csv,94249913b6c8
b,(b) Symmetric filtering,5,Guardian-Reddit,0.5177,0.4784,0.5513,symfilter_ksweep_similarity.csv,75272270844a
b,(b) Symmetric filtering,7,Guardian-Reddit,0.3957,0.367,0.4275,symfilter_ksweep_similarity.csv,75272270844a
b,(b) Symmetric filtering,10,Guardian-Reddit,0.3365,0.31,0.3635,symfilter_ksweep_similarity.csv,75272270844a
b,(b) Symmetric filtering,15,Guardian-Reddit,0.269,0.2456,0.2934,symfilter_ksweep_similarity.csv,75272270844a
b,(b) Symmetric filtering,21,Guardian-Reddit,0.2503,0.2274,0.2739,symfilter_ksweep_similarity.csv,75272270844a
b,(b) Symmetric filtering,5,Guardian-Telegram,0.7635,0.7244,0.7949,symfilter_ksweep_similarity.csv,75272270844a
b,(b) Symmetric filtering,7,Guardian-Telegram,0.427,0.3893,0.4666,symfilter_ksweep_similarity.csv,75272270844a
b,(b) Symmetric filtering,10,Guardian-Telegram,0.3983,0.3591,0.4392,symfilter_ksweep_similarity.csv,75272270844a
b,(b) Symmetric filtering,15,Guardian-Telegram,0.3861,0.3467,0.4275,symfilter_ksweep_similarity.csv,75272270844a
b,(b) Symmetric filtering,21,Guardian-Telegram,0.421,0.3768,0.4661,symfilter_ksweep_similarity.csv,75272270844a
b,(b) Symmetric filtering,5,Reddit-Telegram,0.7562,0.7075,0.795,symfilter_ksweep_similarity.csv,75272270844a
b,(b) Symmetric filtering,7,Reddit-Telegram,0.9667,0.9555,0.9743,symfilter_ksweep_similarity.csv,75272270844a
b,(b) Symmetric filtering,10,Reddit-Telegram,0.9628,0.9505,0.9717,symfilter_ksweep_similarity.csv,75272270844a
b,(b) Symmetric filtering,15,Reddit-Telegram,0.9458,0.9272,0.958,symfilter_ksweep_similarity.csv,75272270844a
b,(b) Symmetric filtering,21,Reddit-Telegram,0.7533,0.6978,0.7981,symfilter_ksweep_similarity.csv,75272270844a
