topic,top_terms,platform,n_items,charge_mean,charge_lo,charge_hi,panel,k,category
0,"drone, russian, russia, ukrainian, strike",Guardian,53,66.54,64.7,68.48,a,10,
0,"drone, russian, russia, ukrainian, strike",Reddit,1868,73.0,72.32,73.73,a,10,
0,"drone, russian, russia, ukrainian, strike",Telegram,586,66.72,65.51,68.01,a,10,
1,"say, russian, russia, ukrainian, zelenskyy",Guardian,410,68.7,68.19,69.22,a,10,
1,"say, russian, russia, ukrainian, zelenskyy",Reddit,166,72.57,69.87,75.07,a,10,
1,"say, russian, russia, ukrainian, zelenskyy",Telegram,158,63.75,61.05,66.52,a,10,
2,"say, oil, price, energy, war",Guardian,204,65.34,64.54,66.13,a,10,
2,"say, oil, price, energy, war",Reddit,125,70.42,67.76,73.1,a,10,
2,"say, oil, price, energy, war",Telegram,43,64.2,60.14,68.15,a,10,
3,"say, russia, minister, european, russian",Guardian,165,66.31,65.59,67.07,a,10,
3,"say, russia, minister, european, russian",Reddit,167,71.35,69.19,73.61,a,10,
3,"say, russia, minister, european, russian",Telegram,142,60.95,58.61,63.53,a,10,
4,"trump, say, new, president, government",Guardian,180,68.77,68.07,69.49,a,10,
4,"trump, say, new, president, government",Reddit,63,69.83,65.39,74.28,a,10,
5,"war, country, iran, nuclear, china",Guardian,149,71.28,70.34,72.22,a,10,
5,"war, country, iran, nuclear, china",Reddit,220,78.21,76.6,79.76,a,10,
5,"war, country, iran, nuclear, china",Telegram,41,68.06,65.05,70.89,a,10,
6,"say, not, year, people, time",Guardian,275,65.28,64.6,66.02,a,10,
6,"say, not, year, people, time",Reddit,433,75.26,73.81,76.73,a,10,
6,"say, not, year, people, time",Telegram,45,67.54,63.56,71.55,a,10,
8,"orbán, hungary, say, election, hungarian",Guardian,75,70.94,69.7,72.18,a,10,
8,"orbán, hungary, say, election, hungarian",Reddit,62,74.23,70.23,78.16,a,10,
9,"trump, say, europe, european, greenland",Guardian,235,71.25,70.44,72.02,a,10,
9,"trump, say, europe, european, greenland",Reddit,187,75.13,73.37,76.91,a,10,
9,"trump, say, europe, european, greenland",Telegram,55,67.87,64.86,70.84,a,10,
2,"say, european, russia, minister, war",Telegram,64,58.74,55.46,61.76,b,21,Diplomatic/institutional
3,"china, say, russia, chinese, beijing",Telegram,56,59.35,55.56,62.89,b,21,Diplomatic/institutional
1,"say, russian, russia, ukrainian, zelenskyy",Telegram,112,62.84,59.96,65.87,b,21,Diplomatic/institutional
10,"say, minister, poland, report, russian",Telegram,45,63.47,58.4,68.23,b,21,Diplomatic/institutional
19,"missile, strike, drone, russian, attack",Telegram,277,64.34,62.58,66.17,b,21,Kinetic
14,"oil, energy, price, say, gas",Telegram,35,64.76,59.48,69.71,b,21,Other
6,"say, not, people, year, like",Telegram,38,68.06,63.73,72.44,b,21,Other
0,"drone, russian, russia, ukrainian, not",Telegram,231,68.19,66.28,70.21,b,21,Kinetic
20,"oil, russian, sanction, russia, india",Telegram,30,69.09,65.48,72.68,b,21,Other
17,"trump, say, europe, war, european",Telegram,77,69.69,67.55,71.84,b,21,Other
7,"drone, village, russian, attack, damage",Telegram,50,73.64,69.58,77.67,b,21,Kinetic
